java.org.apache.commons.cli.PosixParser,11,0,0
java.org.apache.commons.cli.Option,24,0,0
java.org.apache.commons.cli.OptionValidator,4,0,0
java.org.apache.commons.cli.GnuParser,4,0,0
java.org.apache.commons.cli.CommandLine,3,1,0
java.org.apache.commons.cli.OptionGroup,2,0,0
java.org.apache.commons.cli.HelpFormatter,42,0,0
java.org.apache.commons.cli.DefaultParser,39,0,0
java.org.apache.commons.cli.TypeHandler,6,0,0
java.org.apache.commons.cli.PatternOptionBuilder,13,0,0
java.org.apache.commons.cli.Parser,12,0,0
java.org.apache.commons.cli.Util,4,0,0
,,,
,164,1,0
