jdepend.xmlui.JDepend,7,0,0,
jdepend.swingui.DependTree,1,0,0,
jdepend.framework.PackageFilter,1,0,0,
jdepend.textui.JDepend,17,0,0,
jdepend.swingui.DependTreeModel,4,0,0,
jdepend.framework.JDepend,3,0,0,
jdepend.framework.FileManager,6,0,0,
jdepend.framework.DependencyConstraint,5,0,0,
jdepend.framework.JavaPackage,7,0,0,
jdepend.swingui.JDepend,14,0,0,
jdepend.framework.ClassFileParser,42,1,2,
jdepend.swingui.PackageNode,1,0,0,
jdepend.framework.PropertyConfigurator,2,0,0,
jdepend.swingui.EfferentNode,1,0,0,
