java.joptsimple.ArgumentList,2,0,0
java.joptsimple.internal.Rows,2,0,0
java.joptsimple.ParserRules,5,1,0
java.joptsimple.ArgumentAcceptingOptionSpec,5,0,0
java.joptsimple.OptionSet,10,0,0
java.joptsimple.internal.Row,3,0,0
java.joptsimple.AbstractOptionSpec,2,0,0
java.joptsimple.util.DateConverter,1,0,0
java.joptsimple.internal.Columns,3,0,0
java.joptsimple.internal.Strings,3,0,0
java.joptsimple.OptionParser,13,0,0
java.joptsimple.internal.Reflection,2,0,0
java.joptsimple.OptionSpecTokenizer,8,0,0
java.joptsimple.BuiltinHelpFormatter,12,0,0
java.joptsimple.OptionalArgumentOptionSpec,1,0,0
java.joptsimple.util.KeyValuePair,5,0,0
java.joptsimple.internal.AbbreviationMap,13,0,0
,,,
,90,1,0
